,Gianni,De Biasi,#DeBiasi,Albania,Manager,@EtritBerisha99,Etrit,Berisha,#Berisha,Albania,Goalkeeper,Lazio,Alban,Hoxha,#Hoxha,Albania,Goalkeeper,Partizani,Orges,Shehi,#Shehi,Albania,Goalkeeper,SkÌÇnderbeu@lorikcana,Lorik,Cana,#Cana,Albania,Center Back,Nantes,Arlind,Ajeti,#Ajeti,Albania,Center Back,Frosinone@MergimMavraj,MÌÇrgim,Mavraj,#Mavraj,Albania,Center Back,1. FC KÌ_LN,Elseid,Hysaj,#Hysaj,Albania,Right Back,Napoli,Ansi,Agolli ,#Agolli ,Albania,Left Back,Qaraba€Ù@F_Veseli20,Frederic,Veseli,#Veseli,Albania,Right Back,Lugano,Naser,Aliji,#Aliji,Albania,Left Back,FC Basel,Ledian,Memushaj,#Memushaj,Albania,Center Midfield,Pescara,Ergys,KaÌ_e,#KaÌ_e,Albania,Center Midfield,PAOK,Andi,Lila,#Lila,Albania,Center Midfield,Giannina,Migjen,Basha,#Basha,Albania,Center Midfield,Como@OdiseRoshi,Odise,Roshi,#Roshi,Albania,Right Midfield,Rijeka@BurimKukeli20,Burim,Kukeli,#Kukeli,Albania,Center Midfield,ZÌ_rich@ErmirLenjani,Ermir,Lenjani ,#Lenjani ,Albania,Left Back,Nantes@TaulantXhaka,Taulant,Xhaka ,#Xhaka ,Albania,Center Midfield,FC Basel,Amir,Abrashi ,#Abrashi ,Albania,Center Midfield,Freiburg@BekimBALAJ,Bekim,Balaj,#Balaj,Albania,Forward,Rijeka,Sokol,Ìàikalleshi,#Ìàikalleshi,Albania,Forward,Medipol Baksasehir,Armando ,Sadiku,#Sadiku,Albania,Forward,Vaduz@s_gashi11,ShkÌÇlzen,Gashi,#Gashi,Albania,Forward,Colorado Rapids,Marcel,Koller,#Koller,Austria,Manager,,Robert,Almer,#Almer,Austria,Goalkeeper,Austria Vienna@heinz170790,Heinz,Lindner,#Lindner,Austria,Goalkeeper,Eintracht Frankfurt,Ramazan,Ozcan,#Ozcan,Austria,Goalkeeper,Ingolstadt,Aleksandar,Dragovic,#Dragovic,Austria,Center Back,Dynamo Kyiv@FuchsOfficial,Christian,Fuchs,#Fuchs,Austria,Left Back,Leicester City,Gyorgy,Garics,#Garics,Austria,Right Back,Darmstadt,Martin,Hinteregger,#Hinteregger,Austria,Center Back,Borussia Monchengladbach,Florian ,Klein,#Klein,Austria,Right Back,Vfb Stuttgart@sebastianprodl,Sebastian,Prodl,#Prodl,Austria,Center Back,Watford@Suttner29,Markus,Suttner,#Suttner,Austria,Left Back,Ingolstadt@kevinwimmer27,Kevin ,Wimmer,#Wimmer,Austria,Center Back,Tottenham Hotspur@david_alaba,David,Alaba,#Alaba,Austria,Left Back,Bayern Munich@MArnautovic10,Marko,Arnautovic ,#Arnautovic ,Austria,Center Midfield,Stoke City,Julian ,Baumgartlinger,#Baumgartlinger,Austria,Center Midfield,FSV Mainz 05@Martin_Harnik,Martin,Harnik,#Harnik,Austria,Right Midfield,Vfb Stuttgart,Stefan,Ilsanker,#Ilsanker,Austria,Center Midfield,Leipzig,Jakob ,Jantscher,#Jantscher,Austria,Left Midfield,Luzern,Zlatko,Junuzovic,#Junuzovic,Austria,Center Midfield,Werder Bremen@MSabitzer,Marcel,Sabitzer,#Sabitzer,Austria,Forward,Leipzig,Alessandro,Schopf,#Schopf,Austria,Center Midfield,FC Schalke 04,Lukas,Hinterseer,#Hinterseer,Austria,Forward,Ingolstadt,Rubin,Okotie,#Okotie,Austria,Forward,1860 Munich@JankoMarc,Marc,Janko ,#Janko ,Austria,Forward,FC Basel@WilmotsMarc,Marc,Wilmots,#Wilmots,Belgium,Manager,@thibautcourtois,Thibaut,Courtois,#courtois,Belgium,Goalkeeper,Chelsea,Jean-Francois,Gillet,#gillet,Belgium,Goalkeeper,Mechelen@SMignolet,Simon,Mignolet,#mignolet,Belgium,Goalkeeper,Liverpool@AlderweireldTob,Toby,Alderweireld,#alderweireld,Belgium,Center Back,Tottenham Hotspur@LaurentCiman23,Laurent,Ciman,#Ciman,Belgium,Center Back,Montreal Impact@Jasondenayer,Jason,Denayer,#denayer,Belgium,Center Back,Galatasaray,Christian,Kabasele,#Kabasele,Belgium,Center Back,Genk@J_Lukaku94,Jordan,Lukaku,#Jordanlukaku,Belgium,Left Back,Oostende@ThomMills,Thomas,Meunier,#meunier,Belgium,Right Back,Club Brugge@thomasvermaelen,Thomas,Vermaelen,#vermaelen,Belgium,Center Back,FC Barcelona@JanVertonghen,Jan,Vertonghen,#vertonghen,Belgium,Left Back,Tottenham Hotspur"@Fellaini",Marouane,Fellaini,#fellaini,Belgium,Center Midfield,Manchester United@OfficialRadj,Radja,Nainggolan,#nainggolan,Belgium,Center Midfield,Roma@axelwitsel28,Axel,Witsel,#witsel,Belgium,Center Midfield,Zenit St Petersburg@DeBruyneKev,Kevin,De Bruyne,#debruyne,Belgium,Forward,Manchester City@hazardeden10,Eden,Hazard,#hazard,Belgium,Forward,Chelsea@mousadembele,Mousa,Dembele,#dembele,Belgium,Center Midfield,Tottenham Hotspur@mbatshuayi,Michy,Batshuayi,#batschuayi,Belgium,Forward,Olympique de Marseille@chrisbenteke,Christian,Benteke,#benteke,Belgium,Forward,Liverpool@YCarrasco17,Yannick,Carrasco,#carrasco,Belgium,Forward,Atletico Madrid@RomeluLukaku,Romelu,Lukaku,#lukaku,Belgium,Forward,Everton@dries_mertens14,Dries,Mertens,#mertens,Belgium,Forward,Napoli@DivockOrigi,Divock,Origi,#origi,Belgium,Forward,Liverpool,Ante,Cacic,#Cacic,Croatia ,Manager,@SubasicDanijel,Danijel,Subasic,#Subasic,Croatia ,Goalkeeper,Monaco,Lovre,Kalinic,#Kalinic,Croatia ,Goalkeeper,Hajduk Split,Ivan,Vargic ,#Vargic ,Croatia ,Goalkeeper,Rijeka,Vedran,Corluka,#Corluka,Croatia ,Center Back,Lokomotiv Moscow@SrnaDarijo,Darijo,Srna,#Srna,Croatia ,Right Back,Shakhtar Donetsk,Domagoj,Vida,#Vida,Croatia ,Center Back,Dynamo Kyiv,Sime,Vrsaljko,#Vrsaljko,Croatia ,Right Back,Sassuolo,Gordon,Schildenfeld,#Schildenfeld,Croatia ,Center Back,Dinamo Zagreb,Ivan,Strinic,#Strinic,Croatia ,Left Back,Napoli,Tin,Jedvaj,#Jedvaj,Croatia ,Center Back,Bayer 04 Leverkusen@Modric19,Luka,Modric,#Modric,Croatia ,Center Midfield,Real Madrid@ivanrakitic,Ivan,Rakitic,#Rakitic,Croatia ,Center Midfield,FC Barcelona@kovacic_mateo,Mateo,Kovacic,#Kovacic,Croatia ,Center Midfield,Real Madrid@BrozovicMarcelo,Marcelo,Brozovic,#Brozovic,Croatia ,Center Midfield,Inter Milan,Milan,Badelj,#Badelj,Croatia ,Center Midfield,Fiorentina,Ivan,Perisic,#Perisic,Croatia ,Left Midfield,Inter Milan,Marko,Rog,#Rog,Croatia ,Center Midfield,Dinamo Zagreb,Ante,Coric,#Coric,Croatia ,Center Midfield,Dinamo Zagreb@MarioMandzukic9,Mario,Mandzukic,#Mandzukic,Croatia ,Forward,Juventus@nikola_kalina,Nikola,Kalinic,#Kalinic,Croatia ,Forward,Fiorentina,Marko,Pjaca,#Pjaca,Croatia ,Forward,Dinamo Zagreb,Duje ,Cop,#Cop,Croatia ,Forward,Dinamo Zagreb@andrejkramaric9,Andrej,Kramaric,#Kramaric,Croatia ,Forward,Leicester City,Pavel,Vrba,#Vrba,Czech Republic,Manager,@PetrCech,Petr,Cech,#Cech,Czech Republic,Goalkeeper,Arsenal,Tomasz,Vaclik,#Vaclik,Czech Republic,Goalkeeper,FC Basel,Tomasz,Koubek,#Koubek,Czech Republic,Goalkeeper,Slovan Liberec,Theodor,Gebre Selassie,#Gebre Selassie,Czech Republic,Right Back,Werder Bremen,Roman,Hubnik,#Hubnik,Czech Republic,Center Back,Viktoria Pilsen,Pavel,Kaderabek,#Kaderabek,Czech Republic,Right Back,TSG 1899 Hoffenheim@kadlec_michal,Michal,Kadlec,#Kadlec,Czech Republic,Center Back,Fenerbahce,David,Limbersky,#Limbersky,Czech Republic,Left Back,Viktoria Plzen@Pupik33,Daniel,Pudil,#Pudil,Czech Republic,Left Back,Sheffield Wednesday,Marek,Suchy,#Suchy,Czech Republic,Center Back,FC Basel,Tomas,Sivok,#Sivok,Czech Republic,Center Back,Bursaspor,Vladimir,Darida,#Darida,Czech Republic,Center Midfield,Hertha Berlin@BorekDockal,Borek,Dockal,#Dockal,Czech Republic,Right Midfield,Sparta Prague,Daniel,Kolar,#Kolar,Czech Republic,Center Midfield,Viktoria Plzen,Ladislav,Krejci,#Krejci,Czech Republic,Left Midfield,Sparta Prague,Josef,Sural,#Sural,Czech Republic,Right Midfield,Sparta Prague,David,Pavelka,#Pavelka,Czech Republic,Center Midfield,Kasimpasa,Jaroslav,Plasil,#Plasil,Czech Republic,Center Midfield,Bordeaux,Tomas,Rosicky,#Rosicky,Czech Republic,Center Midfield,Arsenal@jiri_skalak,Jiri,Skalak,#Skalak,Czech Republic,Right Midfield,Brighton & Hove Albion,David,Lafata,#Lafata,Czech Republic,Forward,Sparta Prague@Necka7,Tomas,Necid,#Necid,Czech Republic,Forward,Burkaspor,Milan,Skoda,#Skoda,Czech Republic,Forward,Slavia Prague,Roy,Hodgson,#Hodgson,England,Manager,@FraserForster,Fraser,Forster,#Forster,England,Goalkeeper,Southampton,Joe,Hart,#Hart,England,Goalkeeper,Manchester City,Tom,Heaton,#Heaton,England,Goalkeeper,Burnley@ryanbertrand3,Ryan,Bertrand,#Bertrand,England,Right Back,Southampton@GaryJCahill,Gary,Cahill,#Cahill,England,Center Back,Chelsea@Nathaniel_Clyne,Nathaniel,Clyne,#Clyne,England,Left Back,Liverpool@DannyRose03,Danny,Rose,#Rose,England,Right Back,Tottenham Hotspur@ChrisSmalling,Chris,Smalling,#Smalling,England,Center Back,Manchester United,John,Stones,#Stones,England,Center Back,Everton@kylewalker2,Kyle,Walker,#Walker,England,Right Back,Tottenham Hotspur@Dele_Alli,Dele,Alli,#Alli,England,Center Midfield,Tottenham Hotspur@RBarkley20,Ross,Barkley,#Barkley,England,Center Midfield,Everton@ericdier,Eric,Dier,#Dyer,England,Center Midfield,Tottenham Hotspur@JHenderson,Jordan,Henderson,#Henderson,England,Right Midfield,Liverpool,Adam,Lallana,#Lallana,England,Right Midfield,Liverpool,James,Milner,#Milner,England,Left Midfield,Liverpool@sterling7,Raheem,Sterling,#Sterling,England,Left Midfield,Manchester City@JackWilshere,Jack,Wilshere,#Wilshere,England,Center Midfield,Arsenal@HKane,Harry,Kane,#Kane,England,Forward,Tottenham Hotspur@MarcusRashford ,Marcus,Rashford,#Rashford,England,Forward,Manchester United@WayneRooney,Wayne,Rooney,#Rooney,England,Forward,Manchester United@DanielSturridge,Daniel,Sturridge,#Sturridge,England,Forward,Liverpool@vardy7,Jamie,Vardy,#Vardy,England,Forward,Leicester City,Didier,Deschamps,#Deschamps,France,Manager,@CostilOff,Benoit,Costil,#Costil,France,Goalkeeper,Rennes@H_Lloris,Hugo,Lloris,#Lloris,France,Goalkeeper,Tottenham Hotspur@SteveMandanda,Steve,Mandanda,#Mandanda,France,Goalkeeper,Marseille@LucasDigne,Lucas,Digne,#Digne,France,Left Back,AS Roma@PatriceEvraGMF,Patrice,Evra,#Evra,France,Left Back,Juventus@Jalletofficial,Christophe,Jallet,#Jallet,France,Right Back,Paris Saint Germain@6_LKOSCIELNY,Laurent,Koscielny,#Koscielny,France,Center Back,Arsenal@Elia22Mangala,Eliaquim,Mangala,#Mangala,France,Center Back,Manchester City@Sagnaofficial,Bacary,Sagna,#Sagna,France,Right Back,Manchester City@UmtitiSam,Samuel,Umtiti,#Umtiti,France,Center Back,Lyon,Adil,Rami,#Rami,France,Center Back,Sevilla@YCabayeofficiel,Yohan,Cabaye,#Cabaye,France,Center Midfield,Crytal Palace@NgoloKante17,N'Golo,Kante,#Kante,France,Center Midfield,Leicester City@SchneiderlinMo4,Morgan,Schneiderlin ,#Schneiderlin ,France,Center Midfield,Manchester United@MATUIDIBlaise,Blaise,Matuidi,#Matuidi,France,Center Midfield,Paris Saint Germain@paulpogba,Paul,Pogba,#Pogba,France,Center Midfield,Juventus@MoussaSissoko,Moussa,Sissoko,#Sissoko,France,Left Midfield,Newcastle@kingsleeeeyy,Kingsley,Coman,#Coman,France,Right Midfield,Juventus@10APG,Andre-Pierre,Gignac,#Gignac,France,Forward,Tigres UANL@_OlivierGiroud_,Olivier,Giroud,#Giroud,France,Forward,Arsenal@AntoGriezmann,Antoine,Griezmann,#Griezmann,France,Forward,Atletico Madrid@AnthonyMartial,Anthony,Martial,#Martial,France,Left Midfield,Manchester United@dimpayet17,Dimitri,Payet,#Payet,France,Right Midfield,West Ham United,Joachim,Low,#LÌ_w,Germany,Manager,@Manuel_Neuer,Manuel,Neuer,#Neuer,Germany,Goalkeeper,Bayern Munich@Bernd_Leno,Bernd,Leno,#Leno,Germany,Goalkeeper,Bayer 04 Leverkusen@mterstegen1,Marc-AndrÌ©,ter-Stegen,#ter-Stegen,Germany,Goalkeeper,FC Barcelona@JB17Official,Jerome,Boateng,#Boateng,Germany,Center Back,Bayern Munich@ecofficial23,Emre,Can,#Can,Germany,Center Midfield,Liverpool,Jonas,Hector,#Hector,Germany,Left Back,FC KÌ_ln@BeneHowedes,Benedikt,Howedes,#Howedes,Germany,Center Back,FC Schalke 04@matshummels,Mats,Hummels,#Hummels,Germany,Center Back,Bayern Munich@MustafiOfficial,Shkodran,Mustafi,#Mustafi,Germany,Center Back,Valencia@ToniRuediger,Antonio,Rudiger,#Rudiger,Germany,Center Back,A.S. Roma@Sami_Khedira_24,Sami,Khedira,#Khedira,Germany,Center Midfield,Juventus@BSchweinsteiger,Bastian,Schweinsteiger,#Schweinsteiger,Germany,Center Midfield,Manchester United@MesutOzil1088,Mesut,Ozil,#Ozil,Germany,Center Midfield,Arsenal@Andre_Schuerrle,Andre,Schurrle,#Schurrle,Germany,Left Midfield,Vfl Wolfsburg@ToniKroos,Toni,Kroos,#Kroos,Germany,Center Midfield,Real Madrid@MarioGoetze,Mario,Gotze,#Gotze,Germany,Forward,Bayern Munich@Julian_Draxler,Julian,Draxler,#Draxler,Germany,Center Midfield,Vfl Wolfsburg,Leroy,Sane,#Sane,Germany,Right Midfield,FC Schalke 04@JuWeigl,Julian,Weigl,#Weigl,Germany,Center Midfield,Borussia Dortmund@JoshuaKimmich,Joshua,Kimmich,#Kimmich,Germany,Center Midfield,Bayern Munich,Thomas,Muller,#Muller,Germany,Forward,Bayern Munich@Mario_Gomez,Mario,Gomez,#Gomez,Germany,Forward,Fiorentina@Podolski10,Lukas,Podolski,#Podolski,Germany,Forward,Galatasaray,Bernd,Storck,#Storck,Hungary,Manager,,Gabor,Kiraly,#Kiraly,Hungary,Goalkeeper,Haladas,Denes,Dibusz,#Dibusz,Hungary,Goalkeeper,Ferencvaros,Peter,Gulacsi ,#Gulacsi ,Hungary,Goalkeeper,Leipzig,Attila,Fiola,#Fiola,Hungary,Right Back,Puskas Akademia,Barnabas,Bese,#Bese,Hungary,Right Back,MTK Budapest,Richard,Guzmics ,#Guzmics ,Hungary,Center Back,Wisla Krakow,Roland,Juhasz,#Juhasz,Hungary,Center Back,Videoton,Adam,Lang,#Lang,Hungary,Center Back,Videoton,Tamas,Kadar,#Kadar,Hungary,Left Back,Lech Poznan,Mihaly,Korhut,#Korhut,Hungary,Left Back,Debrecen,Akos,Elek,#Elek,Hungary,Center Midfield,Diosgyori,Adam,Pinter,#Pinter,Hungary,Center Midfield,Ferencvaros@ZoltanGera22,Zoltan,Gera ,#Gera ,Hungary,Center Midfield,Ferencvaros,Adam,Nagy ,#Nagy ,Hungary,Center Midfield,Ferencvaros,Laszlo,Kleinheisler,#Kleinheisler,Hungary,Center Midfield,Werder Bremen,Gergo ,Lovrencsics,#Lovrencsics,Hungary,Right Midfield,Lech Poznan@ZoltanStieber,Zoltan,Stieber,#Stieber,Hungary,Left Midfield,Nurnberg@BalaszDzsudzsak,Balazs,Dzsudzsak,#Dzsudzsak,Hungary,Forward,Bursaspor@Adam_Szalai28,AdÌÁm,Szalai,#Szalai,Hungary,Forward,Hannover@KNemeth_Nemo,Krisztian,Nemeth ,#Nemeth ,Hungary,Forward,al-Gharafa,Nemanja,Nikolics,#Nikolics,Hungary,Forward,Legia Warsaw@TamasPriskin,Tamas,Priskin,#Priskin,Hungary,Forward,Slovan Bratislava,Daniel,Bode,#Bode,Hungary,Forward,Ferencvaros,Lars,LagerbÌ_ck,#LagerbÌ_ck,Iceland,Manager,,Hannes,Halldorsson,#Halldorsson,Iceland,Goalkeeper,FK BodÌü/Glimt@OmmiKristins,Ogmundur,Kristinsson,#Kristinsson,Iceland,Goalkeeper,Hammarby,Ingvar,Jonsson,#Jonsson,Iceland,Goalkeeper,Sandefjord@Skulason11,Ari,Skulason,#Skulason,Iceland,Left Midfield,OB,Hordur,Magnusson,#Magnusson,Iceland,Center Back,Cesena@hjorturhermanns,Hjortur,Hermannsson ,#Hermannsson ,Iceland,Center Back,PSV Eindhoven,Ragnar,Sigurdsson,#Sigurdsson,Iceland,Center Back,Krasnodar@karibestmeister,Kari,Arnason,#Arnason,Iceland,Center Back,Malmo@SverrirIngi,Sverrir,Ingi Ingason,#Ingi Ingason,Iceland,Center Back,Lokeren,Birkir,SÌ_varsson,#SÌ_varsson,Iceland,Right Back,Hammarby@haukurheidarh,Haukur,Heidar Hauksson,#HeidarHauksson,Iceland,Right Back,AIK @EmmiHall,Emil,Hallfredsson,#Hallfredsson,Iceland,Center Midfield,Udines,Gylfi ,Sigurdsson,#Sigurdsson,Iceland,Center Midfield,Swansea@AGunnarssonNews,Aron ,Gunnarsson,#Gunnarsson,Iceland,Center Midfield,Cardiff,Theodor,Elmar Bjarnason,#ElmarBjarnason,Iceland,Left Midfield,AGF@NoriTrausta,Arnor,Ingvi Traustason ,#IngviTraustason ,Iceland,Left Midfield,Norrkoping@bbjarnason8,Birkir ,Bjarnason,#Bjarnason,Iceland,Right Midfield,FC Basel@Gudmundsson7,Johann,Gudmundsson,#Gudmundsson,Iceland,Left Midfield,Charlton Athletic@Eidur22Official,Eidur ,Gudjohnsen,#Gudjohnsen,Iceland,Forward,Molde@RunarSigurjons,Runar,Mar Sigurjonsson,#MarSigurjonsson,Iceland,Center Midfield,Sundsvall@KSigthorsson,Kolbeinn,Sigthorsson,#Sigthorsson,Iceland,Forward,Nantes,Alfred,Finnbogason,#Finnbogason,Iceland,Forward,Augsburg@jondadi,Jon,Dadi Bodvarsson,#DadiBodvarsson,Iceland,Forward,Kaiserslautern,Antonio,Conte,#Conte,Italy,Manager,@gianluigibuffon,Gianluigi,Buffon,#Buffon,Italy,Goalkeeper,Juventus@fmarchetti22,Federico,Marchetti,#Marchetti,Italy,Goalkeeper,Lazio@s_sirigu,Salvatore,Sirigu ,#Sirigu ,Italy,Goalkeeper,Paris Saint-Germain@andreabarzagli2,Andrea,Barzagli,#Barzagli,Italy,Center Back,Juventus@bonucci_leo19,Leonardo,Bonucci ,#Bonucci ,Italy,Center Back,Juventus@chiellini,Giorgio,Chiellini,#Chiellini,Italy,Center Back,Juventus@OgbonnaOfficial,Angelo,Ogbonna,#Ogbonna,Italy,Center Back,West Ham United@DarmianOfficial,Matteo,Darmian,#Darmian,Italy,Right Back,Manchester United@MattiaDeSciglio,Mattia ,De Sciglio,#De Sciglio,Italy,Right Back,AC Milan@_danielederossi,Daniele ,De Rossi ,#De Rossi ,Italy,Center Midfield,AS Roma@Florenzi,Alessandro,Florenzi,#Florenzi,Italy,Center Midfield,AS Roma@Giaccherini_24,Emanuele,Giaccherini,#Giaccherini,Italy,Right Midfield,Bologna,Thiago,Motta,#Motta,Italy,Center Midfield,Paris Saint-Germain@Parolo_official,Marco ,Parolo,#Parolo,Italy,Center Midfield,Lazio@sturaro_stefano,Stefano,Sturaro,#Sturaro,Italy,Center Midfield,Juventus@antocandreva,Antonio,Candreva,#Candreva,Italy,Right Midfield,Lazio@Edercitadin7,,Eder,#Eder,Italy,Forward,Inter Milan@ciroimmobile,Ciro,Immobile,#Immobile,Italy,Forward,Torino@lorenzoinsigne1,Lorenzo,Insigne,#Insigne,Italy,Forward,Napoli@GPelle19,Graziano,PellÌ¬ ,#PellÌ¬ ,Italy,Forward,Southampton@SimoneZaza_10,Simone,Zaza,#Zaza,Italy,Forward,Juventus@OfficialEl92,Stephan ,El Shaarawy,#El Shaarawy,Italy,Left Midfield,AS Roma,Federico,Bernardeschi,#Bernardeschi,Italy,Right Midfield,Fiorentina,Michael,O'Neill,#MichaelO'Neill,Northern Ireland,Manager,,Roy,Carroll,#Carroll,Northern Ireland,Goalkeeper,Notts County@mcgov12,Michael,McGovern,#McGovern,Northern Ireland,Goalkeeper,Hamilton Academical,Alan,Mannus,#Mannus,Northern Ireland,Goalkeeper,St Johnstone,Craig,Cathcart,#Cathcart,Northern Ireland,Center Back,Watford,Jonny,Evans,#JonnyEvans,Northern Ireland,Center Back,West Bromich Albion@G23mcauley,Gareth,McAuley,#McAuley,Northern Ireland,Center Back,West Bromich Albion@lmccullough94,Luke,McCullough,#McCullough,Northern Ireland,Center Back,Doncaster Rovers@ConorMcL3,Conor,McLaughlin,#McLaughlin,Northern Ireland,Right Back,Fleetwood Town@AaronHughes18,Aaron,Hughes,#Hughes,Northern Ireland,Center Back,Melbourne City@leehods2,Lee,Hodson,#Hodson,Northern Ireland,Right Back,Milton Keynes Dons,Chris,Baird,#Baird,Northern Ireland,Center Back,Derby County@PadMcnair,Paddy,McNair,#McNair,Northern Ireland,Center Back,Manchester United@StevenDavis8,Steven,Davis,#Davis,Northern Ireland,Center Midfield,Southampton,Oliver,Norwood,#Norwood,Northern Ireland,Center Midfield,Reading,Corry,Evans,#EvansCorry,Northern Ireland,Center Midfield,Blackburn Rovers,Jamie,Ward,#Ward,Northern Ireland,Left Midfield,Nottingham Forest@dallas_stuart,Stuart,Dallas,#Dallas,Northern Ireland,Left Midfield,Leeds United,Nial,McGinn,#McGinn,Northern Ireland,Right Midfield,Aberdeen@shane_fergie,Shane,Ferguson,#Ferguson,Northern Ireland,Left Midfield,Millwall@WillGrigg,Will,Grigg,#Grigg,Northern Ireland,Forward,Wigan Athletic,Kyle,Lafferty,#Lafferty,Northern Ireland,Forward,Birmingham City,Conor,Washingston,#Washingston,Northern Ireland,Forward,Queens Park Rangers@Josh_Magennis,Josh,Magennis,#Magennis,Northern Ireland,Forward,Kilmarnock,Adam,NawaÅâka,#NawaÅâka,Poland,Manager,@ArturBoruc,Artur,Boruc,#Boruc,Poland,Goalkeeper,AFC Bournemouth@LukaszFabianski,ÅÅukasz,Fabianski,#Fabianski,Poland,Goalkeeper,Swansea City@13Szczesny13,Wojciech,Szczesny,#Szczesny,Poland,Goalkeeper,A.S. Roma,Thiago,Cionek,#Cionek,Poland,Center Back,Palermo@kamilglik25,Kamil,Gilk,#Gilk,Poland,Center Back,Torino,Artur,Jedrzejczyk,#Jedrzejczyk,Poland,Right Back,Legia Warsaw,MichaÅâ,Pazdan,#Pazdan,Poland,Center Back,Legia Warsaw@LukaszPiszczek_,Lukasz,Piszczek ,#Piszczek ,Poland,Right Back,Borussia Dortmund@salamon1591,Bartosz,Salamon,#Salamon,Poland,Center Back,Cagliari,Jakub ,Wawrzyniak,#Wawrzyniak,Poland,Left Back,Lechia Gdansk,Jakub ,Blaszczykowski,#Blaszczykowski,Poland,Right Midfield,Fiorentina@GrosickiKamil,Kamil,Grosicki,#Grosicki,Poland,Right Midfield,Rennes,Tomasz,Jodlowiec,#Jodlowiec,Poland,Center Midfield,Legia Warsaw@kapi67d,Bartosz,Kapustka,#Kapustka,Poland,Left Midfield,Cracovia@GrzegKrychowiak,Grzegorz,Krychowiak,#Krychowiak,Poland,Center Midfield,Sevilla,Karol,Linetty,#Linetty,Poland,Center Midfield,Lech Poznan,Krzysztof,M€Éczynski,#M€Éczynski,Poland,Center Midfield,WisÅâa Krakow,Slawomir,Peszko ,#Peszko ,Poland,Left Midfield,Lechia Gdansk,Filip,Starzynski,#Starzynski,Poland,Center Midfield,Zaglebie Lubin,Piotr,Zielinski,#Zielinski,Poland,Center Midfield,Empoli@lewy_official,Robert,Lewandowski,#Lewandowski,Poland,Forward,Bayern Munich@arekmilik9,Arkadiusz,Milik,#Milik,Poland,Forward,Ajax,Mariusz,Stepinski,#Stepinski,Poland,Forward,Ruch Chorzow,Martin,O'Neill,#MartinO'Neill,Ireland,Manager,@No1shaygiven,Shay,Given,#given,Ireland,Goalkeeper,Stoke City@RandzOfficial,Darren,Randolph,#randolph,Ireland,Goalkeeper,West Ham United,Keiron,Westwood,#westwood,Ireland,Goalkeeper,Sheffield Wednesday@seamiecoleman23,Seamus,Coleman,#Seamuscoleman,Ireland,Right Back,Everton@cyruschristie,Cyrus,Christie,#christie,Ireland,Right Back,Derby County"@C_Clark_6",Ciaran,Clark,#clark,Ireland,Center Back,Aston Villa,Richard,Keogh,#keogh,Ireland,Center Back,Derby County,John,O'Shea,#oshea,Ireland,Center Back,Sunderland@ShaneDuffy34,Shane,Duffy,#duffy,Ireland,Center Back,Blackburn,Stephen,Ward,#ward,Ireland,Left Back,Burnley,Aiden,McGeady,#mcgeady,Ireland,Right Midfield,Everton@JamesMcC14,James,McClean,#mclean,Ireland,Left Midfield,West Brom,Glenn,Whelan,#whelan,Ireland,Center Midfield,Stoke City@JMcCarthy_16,James,McCarthy,#mccarthy,Ireland,Center Midfield,Everton@JeffHendrick92,Jeff,Hendrick,#hendrick,Ireland,Center Midfield,Derby County@DavidMeyler7,David,Meyler,#meyler,Ireland,Center Midfield,Hull City,Stephen,Quinn,#quinn,Ireland,Center Midfield,Reading,Wes,Hoolahan,#hoolahan,Ireland,Center Midfield,Norwich,Robbie,Brady,#brady,Ireland,Left Back,Norwich CIty@JonWalters19,Jonathan,Walters,#walters,Ireland,Forward,Stoke City,Robbie,Keane,#keane,Ireland,Forward,LA Galaxy@ShaneLong7,Shane,Long,#long,Ireland,Forward,Southamption,Daryl,Murphy,#murphy,Ireland,Forward,Ipswich Town,Anghel,Iord€Änescu,#Iord€Änescu,Romania,Manager,@CTatarusanu,Ciprian,Tatarusanu,#Tatarusanu,Romania,Goalkeeper,Fiorentina@C_Pantilimon1,Costel,Pantilimon,#Pantilimon,Romania,Goalkeeper,Watford,Silviu,Lung,#Lung,Romania,Goalkeeper,Astra Giurgiu@SapunaruCristi,Cristian,Sapunaru,#Sapunaru,Romania,Right Back,Pandurii Targu Jiu,Alexandru,Matel,#Matel,Romania,Right Back,Dinamo Zagreb,Vlad,Chiriches,#Chiriches,Romania,Center Back,Napoli,Valencia,Gaman,#Gaman,Romania,Center Back,Astra Giurgiu,Cosmin,Moti,#Moti,Romania,Center Back,Ludogorets Razgrad,Dragos,Grigore,#Grigore,Romania,Center Back,Al-Sailiya@RazvanRat5,Razvan,Rat,#Rat,Romania,Left Back,Rayo Vallecano,Steliano,Filip,#Filip,Romania,Left Back,Dinamo Bucharest,Mihai,Pintilii,#Pintilii,Romania,Center Midfield,Steaua Bucharest,Ovidiu,Hoban,#Hoban,Romania,Center Midfield,Hapoel Be'er Sheva,Andrei,Prepelita,#Prepelita,Romania,Center Midfield,Ludogorets Razgrad,Adrian,Popa,#Popa,Romania,Right Midfield,Steaua Bucharest,Gabriel,Torje,#Torje,Romania,Right Midfield,Osmanl€±spor,Alexandru,Chipciu,#Chipciu,Romania,Right Midfield,Steaua Bucharest,Nicolae,Stanciu,#Stanciu,Romania,Right Midfield,Steaua Bucharest,Lucian,Sanmartean,#Sanmartean,Romania,Left Midfield,Al Ittihad,Claudiu,Keseru,#Keseru,Romania,Forward,Ludogorets Razgrad@BogdanStancuCom,Bogdan,Stancu,#Stancu,Romania,Forward,Genclerbirligi,Florin,Andone,#Andone,Romania,Forward,CÌ_rdoba CF,Denis,Alibec,#Alibec,Romania,Forward,Astra Giurgiu,Leonid,Slutsky,#Slutsky,Russia,Manager,,Igor,Akinfeev,#Akinfeev,Russia,Goalkeeper,CSKA Moscow,,Guilherme,#Guilherme,Russia,Goalkeeper,Lokomotiv Moscow@LontigkinG,Yuri ,Lodygin,#Lodygin,Russia,Goalkeeper,Zenit St. Petersburg,Aleksey,Berezutsky,#Berezutsky,Russia,Center Back,CSKA Moscow,Vasili,Berezutski,#Berezutsky,Russia,Center Back,CSKA Moscow,Sergey,Ignashevich,#Ignashevich,Russia,Center Back,CSKA Moscow@DmitryKombarov,Dmitri,Kombarov,#Kombarov,Russia,Left Midfield,Spartak Moscow@RomanNeustadter,Roman ,Neustadter,#Neustadter,Russia,Center Back,FC Schalke 04,Georgi,Shchennikov,#Shchennikov,Russia,Left Back,CSKA Moscow@shish49,Roman ,Shishkin ,#Shishkin ,Russia,Right Back,Lokomotiv Moscow,Igor,Smolnikov,#Smolnikov,Russia,Right Back,Zenit St. Petersburg,Igor,Denisov,#Denisov,Russia,Center Midfield,Dynamo Moscow@DGlushakov8,Denis,Glushakov,#Glushakov,Russia,Center Midfield,Spartak Moscow,Aleksandr,Golovin,#Golovin,Russia,Center Midfield,CSKA Moscow,Oleg,Ivanov,#Ivanov,Russia,Center Midfield,Terek Grozny@pavelmamaev17,Pavel,Mamaev ,#Mamaev ,Russia,Center Midfield,Krasnodar,Aleksandr,Samedov,#Samedov,Russia,Right Midfield,Lokomotiv Moscow@OlegShatov,Oleg ,Shatov,#Shatov,Russia,Center Midfield,Zenit St. Petersburg@shirokovr15,Roman ,Shirokov,#Shirokov,Russia,Center Midfield,CSKA Moscow,Dmitri,Torbinski,#Torbinski,Russia,Left Midfield,Krasnodar,Artyom,Dzyuba,#Dzyuba,Russia,Forward,Zenit St. Petersburg@AKokorin9,Alexander,Kokorin,#Kokorin,Russia,Forward,Zenit St. Petersburg@smolovfedor_90,Fyodor,Smolov,#Smolov,Russia,Forward,Krasnodar,Vicente,del Bosque,#delBosque,Spain,Manager,@CasillasWorld,Iker,Casillas,#Casillas,Spain,Goalkeeper,FC Porto@D_DeGea,David,De Gea,#De Gea,Spain,Goalkeeper,Manchester United@sergiorico25,Sergio,Rico,#Rico,Spain,Goalkeeper,Sevilla@SergioRamos,Sergio,Ramos,#Ramos,Spain,Center Back,Real Madrid@3gerardpique,Gerard,Pique,#Pique,Spain,Center Back,FC Barcelona@DaniCarvajal92,Dani,Carvajal,#Carvajal,Spain,Center Back,Real Madrid@JordiAlba,Jordi,Alba,#Alba,Spain,Right Back,FC Barcelona@MarcBartra,Marc,Bartra,#Bartra,Spain,Center Back,FC Barcelona@CesarAzpi,Cesar,Azpilicueta,#Azpilicueta,Spain,Right Back,Chelsea@mikelsanjo6,Mikel,San Jose,#San Jose,Spain,Center Midfield,Athletic Bilbao@Juanfrantorres,,Juanfran,#Juanfran,Spain,Right Back,Atletico Madrid@HectorBellerin,Hector,Bellerin,#Bellerin,Spain,Right Back,Arsenal,,Bruno,#Bruno,Spain,Center Midfield,Villarreal,Sergio,Busquets,#Busquets,Spain,Center Midfield,FC Barcelona@Koke6,,Koke,#Koke,Spain,Center Midfield,Atletico Madrid@Thiago6,Thiago,AlcÌ¢ntara,#AlcÌ¢ntara,Spain,Center Midfield,Bayern Munich@andresiniesta8,Andres,Iniesta,#Iniesta,Spain,Center Midfield,FC Barcelona@21LVA,David ,Silva,#Silva,Spain,Center Midfield,Manchester City@_Pedro17_,,Pedro,#Pedro,Spain,Right Midfield,Chelsea@AritzAduriz11,Aritz,Aduriz,#Aduriz,Spain,Forward,Athletic Bilbao@ApoyoNolito,,Nolito,#Nolito,Spain,Forward,Celta Vigo@AlvaroMorata,Alvaro,Morata,#Morata,Spain,Forward,Juventus,Lucas,Vasquez,#Vasquez,Spain,Forward,Real Madrid,Erik,HamrÌ©n,#HamrÌ©n,Sweden,Manager,,Andreas,Isaksson,#Isaksson,Sweden,Goalkeeper,Kasimpasa@RobinOlsen25,Robin,Olsen,#Olsen,Sweden,Goalkeeper,FC Copenhagen,Patrik ,Carlgren,#Carlgren,Sweden,Goalkeeper,AIK@L3Augustinsson,Ludwig,Augustinsson,#Augustinsson,Sweden,Left Back,FC Copenhagen,Erik,Johansson,#Johansson,Sweden,Center Back,FC Copenhagen@PJansson5,Pontus ,Jansson,#Jansson,Sweden,Center Back,Torino@vlindelof,Victor,Lindelof,#Lindelof,Sweden,Center Back,Benfica,Andreas,Granqvist,#Granqvist,Sweden,Center Back,Krasnodar,Mikael ,Lustig,#Lustig,Sweden,Right Back,Celtic@martinolsson3,Martin,Olsson,#Olsson,Sweden,Left Back,Norwich City@JimmyDurmaz21,Jimmy,Durmaz,#Durmaz,Sweden,Left Midfield,Olympiakos@EkdalAlbin,Albin,Ekdal,#Ekdal,Sweden,Center Midfield,Hamburg @HiljemarkOscar,Oscar,Hiljemark ,#Hiljemark ,Sweden,Center Midfield,Palermo@seb_larsson1,Sebastian,Larsson,#Larsson,Sweden,Center Midfield,Sunderland@ErkanZ10,Pontus ,Wernbloom,#Wernbloom,Sweden,Center Midfield,CSKA Moscow,Erkan ,Zengin,#Zengin,Sweden,Left Midfield,Trabzonspor,Oscar,Lewicki,#Lewicki,Sweden,Center Midfield,Malmo@EmilForsberg1,Emil,Forsberg,#Forsberg,Sweden,Left Midfield,Leipzig@KKallstromNews,Kim,Kallstrom,#Kallstrom,Sweden,Center Midfield,Grasshoppers,Marcus,Berg,#Berg,Sweden,Forward,Panathinaikos@superguidetti,John,Guidetti,#Guidetti,Sweden,Forward,Celta Vigo@Ibra_official,Zlatan,Ibrahimovic ,#Ibrahimovic ,Sweden,Forward,Paris Saint-Germain,Vladimir,Petkovi€à,#Petkovi€à,Switzerland,Manager,@RBuerki1,Roman,Burki,#Burki,Switzerland,Goalkeeper,Borussia Dortmund@HitzMarwin,Marwin,Hitz,#Hitz,Switzerland,Goalkeeper,FC Augsburg@YannSommer1,Yann,Sommer,#Sommer,Switzerland,Goalkeeper,Borussia Monchengladbach@JohanDjourou,Johan,Djourou,#Djourou,Switzerland,Right Back,Hamburg,Nico,Elvedi,#Elvedi,Switzerland,Center Back,Borussia Monchengladbach,Michael,Lang,#Lang,Switzerland,Right Back,Basel@LichtsteinerSte,Stephan,Lichtsteiner,#Lichtsteiner,Switzerland,Right Back,Juventus@moubandjef,Francois,Moubandje,#Moubandje,Switzerland,Left Back,Toulouse@Ricardo_Rodrigz,Ricardo,Rodriguez,#Rodriguez,Switzerland,Left Back,Wolfsburg@fabianschaer,Fabian,Schar,#Schar,Switzerland,Center Back,Hoffenheim,Steve,Von Bergen,#VonBergen,Switzerland,Center Back,Young Boys@ValonBera,Valon,Behrami,#Behrami,Switzerland,Center Midfield,Watford@dzemaili86,Blerim,Dzemaili,#Dzemaili,Switzerland,Center Midfield,Genoa@GelsonFernandes,Gelson,Fernandes,#Fernandes,Switzerland,Center Midfield,Rennes,Fabian,Frei,#Frei,Switzerland,Center Midfield,Mainz@XS_11official,Xherdan,Shaqiri,#Shaqiri,Switzerland,Right Midfield,Stoke@shanitarashaj,Shani,Tarashaj,#Tarashaj,Switzerland,Right Midfield,Grasshoppers@xhakagranit34,Granit,Xhaka,#Xhaka,Switzerland,Center Midfield,Borussia Monchengladbach,Denis,Zakaria,#Zakaria,Switzerland,Center Midfield,Young Boys,Erin,Derdiyok,#Derdiyok,Switzerland,Forward,Kasimpasa@BreelEmbolo97,Breel,Embolo,#Embolo,Switzerland,Forward,Basel@admir_mehmedi,Admir,Mehmedi,#Mehmedi,Switzerland,Forward,Bayer Leverkusen,Haris,Seferovic,#Seferovic,Switzerland,Forward,Eintracht Frankfurt@fatihterim,Fatih,Terim,#Terim,Turkey,Manager,,Harun,Tekin,#Tekin,Turkey,Goalkeeper,Bursaspor@RecepOnurKivrak,Onur,K€±vrak,#K€±vrak,Turkey,Goalkeeper,Trabzonspor@volkanbabacann,Volkan,Babacan,#Babacan,Turkey,Goalkeeper,€¡stanbul BaÅÙakÅÙehir@_gokhangonul,GÌ_khan,GÌ_nÌ_l,#GÌ_nÌ_l,Turkey,Right Back,FenerbahÌ_e@senerzbayrakl,Å_ener,Ì_zbayrakli,#Ì_zbayrakli,Turkey,Right Back,FenerbahÌ_e@Ahmetcalik5,Ahmet,Ìàal€±k,#Ìàal€±k,Turkey,Center Back,GenÌ_lerbirli€Ùi@HakanKadirBalta,Hakan,Balta,#Balta,Turkey,Center Back,Galatasaray@5Mehmetopalfb,Mehmet,Topal,#Topal,Turkey,Center Midfield,FenerbahÌ_e@semihkaya_26,Semih,Kaya,#Kaya,Turkey,Center Back,Galatasaray@CanerErkin,Caner,Erkin,#Erkin,Turkey,Left Back,FenerbahÌ_e@ismailKYBSI,€¡smail,KÌ_ybaÅÙ€±,#KÌ_ybaÅÙ€±,Turkey,Left Back,Besiktas@Emremor29,Emre,Mor,#Mor,Turkey,Forward,NordsjÌ_lland@_volkansen16,Volkan,Å_en,#Å_en,Turkey,Left Midfield,FenerbahÌ_e@hakanc10,Hakan,Ìàalhano€Ùlu,#Ìàalhano€Ùlu,Turkey,Center Midfield,Bayer 04 Leverkusen@nurisahin,Nuri,Å_ahin,#Å_ahin,Turkey,Center Midfield,Borussia Dortmund@Oguzhan_ozyakup,O€Ùuzhan,Ì_zyakup,#Ì_zyakup,Turkey,Center Midfield,Besiktas@ozantufan_7,Ozan,Tufan,#Tufan,Turkey,Center Midfield,FenerbahÌ_e@8Selcukinan,SelÌ_uk,€¡nan,#€¡nan,Turkey,Center Midfield,Galatasaray@ArdaTuran,Arda,Turan,#Turan,Turkey,Center Midfield,FC Barcelona@olcay_sahan10,Olcay ,Å_ahan,#Å_ahan,Turkey,Left Midfield,Besiktas@yilmazburak17,Burak,Y€±lmaz,#Y€±lmaz,Turkey,Forward,Beijing Guoan@CenkTosun_,Cenk,Tosun,#Tosun,Turkey,Forward,Besiktas@yunusm721,Yunus,Malli,#Malli,Turkey,Forward,FSV Mainz 05,Mykhaylo,Fomenko,#Fomenko,Ukraine,Manager,,Andriy,Pyatov,#Pyatov,Ukraine,Goalkeeper,Shakhtar Donetsk@DenysBoyko4,Denys,Boyko,#Boyko,Ukraine,Goalkeeper,Besiktas,Mykyta ,Shevchenko,#Shevchenko,Ukraine,Goalkeeper,Zorya Luhansk,Artem,Fedetskiy,#Fedetskiy,Ukraine,Right Back,Dnipro Dnipropetrovsk,Mykyta ,Kamenyuka,#Kamenyuka,Ukraine,Left Back,Zorya Luhansk,Vyacheslav ,Shevchuk,#Shevchuk,Ukraine,Left Back,Shakhtar Donetsk,Oleksandr,Kucher,#Kucher,Ukraine,Left Back,Shakhtar Donetsk,Yaroslav ,Rakitskyi,#Rakitskyi,Ukraine,Center Back,Shakhtar Donetsk,Yevhen,Khacheridi,#Khacheridi,Ukraine,Center Back,Dynamo Kyiv,Bohdan,Butko,#Butko,Ukraine,Right Back,Shakhtar Donetsk@Timo_44,Anatoliy,Tymoshchuk,#Tymoshchuk,Ukraine,Center Midfield,Kairat Almaty,Oleksandr,Karavaev,#Karavaev,Ukraine,Right Midfield,Zorya Luhansk@Yarmola_10,Andriy,Yarmolenko,#Yarmolenko,Ukraine,Right Midfield,Dynamo Kyiv,Denys ,Garmash,#Garmash,Ukraine,Center Midfield,Dynamo Kyiv,Sergiy,Sydorchuk,#Sydorchuk,Ukraine,Center Midfield,Dynamo Kyiv,Sergiy,Rybalka,#Rybalka,Ukraine,Center Midfield,Dynamo Kyiv,Taras,Stepanenko,#Stepanenko,Ukraine,Center Midfield,Shakhtar Donetsk,Viktor,Kovalenko,#Kovalenko,Ukraine,Center Midfield,Shakhtar Donetsk,Ruslan,Rotan ,#Rotan ,Ukraine,Center Midfield,Dnipro Dnipropetrovsk@KONO_official,Yevhen,Konoplyanka,#Konoplyanka,Ukraine,Left Midfield,Sevilla,Pylyp,Budkovskyi,#Budkovskyi,Ukraine,Forward,Zorya Luhansk,Roman,Zozulya ,#Zozulya ,Ukraine,Forward,Dnipro Dnipropetrovsk,Yevhen,Seleznyov ,#Seleznyov ,Ukraine,Forward,Shakhtar Donetsk,Chris,Coleman,#ChrisColeman,Wales,Manager,@WayneHennessey1,Wayne,Hennessey,#Hennessey,Wales,Goalkeeper,Crystal Palace@dan_ward52,Danny,Ward,#Ward,Wales,Goalkeeper,Liverpool FC@owainfon,Owain,Fon Williams,#FonWilliams,Wales,Goalkeeper,Inverness@Ben_Davies33,Ben,Davies,#Davies,Wales,Left Back,Tottenham Hotspur,Neil,Taylor,#Taylor,Wales,Left Back,Swansea FC@Chrisgunter16,Chris,Gunter,#Gunter,Wales,Right Back,Reading FC,Ashley,Williams,#Williams,Wales,Center Back,Swansea FC,James,Chester,#Chester,Wales,Center Back,West Bromwich Albion,James,Collins,#Collins,Wales,Center Back,West Ham United,Jazz,Richards,#Richards,Wales,Right Back,Fulham FC@GarethBale11,Gareth,Bale,#Bale,Wales,Left Midfield,Real Madrid CF@aaronramsey,Aaron,Ramsey,#Ramsey,Wales,Center Midfield,Arsenal FC@joe16led,Joe,Ledley,#Ledley,Wales,Center Midfield,Crystal Palace,David,Vaughan,#Vaughan,Wales,Center Midfield,Nottingham Forest FC,Joe,Allen,#Allen,Wales,Center Midfield,Liverpool FC,Jonathan,Williams,#Williams,Wales,Center Midfield,Crystal Palace@george_willo35,George,Williams,#Williams,Wales,Center Midfield,Fulham FC@cotterill_david,David,Cotterill,#Cotterill,Wales,Left Midfield,Birmingham City@10_kingy,Andy,King,#King,Wales,Right Midfield,Leicester City@_DaveEdwards,Dave,Edwards,#Edwards,Wales,Right Midfield,Wolverhampton Wanderers@RobsonKanu,Hal,Robson-Kanu,#Robson-Kanu,Wales,Forward,Reading FC,Sam,Vokes,#Vokes,Wales,Forward,Burnley@churchy18,Simon,Church,#Church,Wales,Forward,Nottingham Forest FC