@WilmotsMarc,Marc,Wilmots,#Wilmots,Belgium,Manager,
@thibautcourtois,Thibaut,Courtois,#courtois,Belgium,Goalkeeper,Chelsea
,Jean-Francois,Gillet,#gillet,Belgium,Goalkeeper,Mechelen
@SMignolet,Simon,Mignolet,#mignolet,Belgium,Goalkeeper,Liverpool
@AlderweireldTob,Toby,Alderweireld,#alderweireld,Belgium,Centre Back,Tottenham Hotspur
@LaurentCiman23,Laurent,Ciman,#Ciman,Belgium,Centre Back,Montreal Impact
@Jasondenayer,Jason,Denayer,#denayer,Belgium,Centre Back,Galatasaray
,Christian,Kabasele,#Kabasele,Belgium,Centre Back,Genk
@J_Lukaku94,Jordan,Lukaku,#Jordanlukaku,Belgium,Left Back,Oostende
@ThomMills,Thomas,Meunier,#meunier,Belgium,Right Back,Club Brugge
@thomasvermaelen,Thomas,Vermaelen,#vermaelen,Belgium,Centre Back,FC Barcelona
@JanVertonghen,Jan,Vertonghen,#vertonghen,Belgium,Left Back,Tottenham Hotspur
"
@Fellaini",Marouane,Fellaini,#fellaini,Belgium,Centre Midfield,Manchester United
@OfficialRadj,Radja,Nainggolan,#nainggolan,Belgium,Centre Midfield,Roma
@axelwitsel28,Axel,Witsel,#witsel,Belgium,Centre Midfield,Zenit St Petersburg
@DeBruyneKev,Kevin,De Bruyne,#debruyne,Belgium,Forward,Manchester City
@hazardeden10,Eden,Hazard,#hazard,Belgium,Forward,Chelsea
@mousadembele,Mousa,Dembele,#dembele,Belgium,Centre Midfield,Tottenham Hotspur
@mbatshuayi,Michy,Batshuayi,#batschuayi,Belgium,Forward,Olympique de Marseille
@chrisbenteke,Christian,Benteke,#benteke,Belgium,Forward,Liverpool
@YCarrasco17,Yannick,Carrasco,#carrasco,Belgium,Forward,Atletico Madrid
@RomeluLukaku,Romelu,Lukaku,#lukaku,Belgium,Forward,Everton
@dries_mertens14,Dries,Mertens,#mertens,Belgium,Forward,Napoli
@DivockOrigi,Divock,Origi,#origi,Belgium,Forward,Liverpool
,Ante,Cacic,#Cacic,Croatia ,Manager,
@SubasicDanijel,Danijel,Subasic,#Subasic,Croatia ,Goalkeeper,Monaco
,Lovre,Kalinic,#Kalinic,Croatia ,Goalkeeper,Hajduk Split
,Ivan,Vargic ,#Vargic ,Croatia ,Goalkeeper,Rijeka
,Vedran,Corluka,#Corluka,Croatia ,Centre Back,Lokomotiv Moscow
@SrnaDarijo,Darijo,Srna,#Srna,Croatia ,Right Back,Shakhtar Donetsk
,Domagoj,Vida,#Vida,Croatia ,Centre Back,Dynamo Kyiv
,Sime,Vrsaljko,#Vrsaljko,Croatia ,Right Back,Sassuolo
,Gordon,Schildenfeld,#Schildenfeld,Croatia ,Centre Back,Dinamo Zagreb
,Ivan,Strinic,#Strinic,Croatia ,Left Back,Napoli
,Tin,Jedvaj,#Jedvaj,Croatia ,Centre Back,Bayer 04 Leverkusen
@Modric19,Luka,Modric,#Modric,Croatia ,Centre Midfield,Real Madrid
@ivanrakitic,Ivan,Rakitic,#Rakitic,Croatia ,Centre Midfield,FC Barcelona
@kovacic_mateo,Mateo,Kovacic,#Kovacic,Croatia ,Centre Midfield,Real Madrid
@BrozovicMarcelo,Marcelo,Brozovic,#Brozovic,Croatia ,Centre Midfield,Inter Milan
,Milan,Badelj,#Badelj,Croatia ,Centre Midfield,Fiorentina
,Ivan,Perisic,#Perisic,Croatia ,Left Midfield,Inter Milan
,Marko,Rog,#Rog,Croatia ,Centre Midfield,Dinamo Zagreb
,Ante,Coric,#Coric,Croatia ,Centre Midfield,Dinamo Zagreb
@MarioMandzukic9,Mario,Mandzukic,#Mandzukic,Croatia ,Forward,Juventus
@nikola_kalina,Nikola,Kalinic,#Kalinic,Croatia ,Forward,Fiorentina
,Marko,Pjaca,#Pjaca,Croatia ,Forward,Dinamo Zagreb
,Duje ,Cop,#Cop,Croatia ,Forward,Dinamo Zagreb
@andrejkramaric9,Andrej,Kramaric,#Kramaric,Croatia ,Forward,Leicester City
,Pavel,Vrba,#Vrba,Czech Republic,Manager,
@PetrCech,Petr,Cech,#Cech,Czech Republic,Goalkeeper,Arsenal
,Tomasz,Vaclik,#Vaclik,Czech Republic,Goalkeeper,FC Basel
,Tomasz,Koubek,#Koubek,Czech Republic,Goalkeeper,Slovan Liberec
,Theodor,Gebre Selassie,#Gebre Selassie,Czech Republic,Right Back,Werder Bremen
,Roman,Hubnik,#Hubnik,Czech Republic,Centre Back,Viktoria Pilsen
,Pavel,Kaderabek,#Kaderabek,Czech Republic,Right Back,TSG 1899 Hoffenheim
@kadlec_michal,Michal,Kadlec,#Kadlec,Czech Republic,Centre Back,Fenerbahce
,David,Limbersky,#Limbersky,Czech Republic,Left Back,Viktoria Plzen
@Pupik33,Daniel,Pudil,#Pudil,Czech Republic,Left Back,Sheffield Wednesday
,Marek,Suchy,#Suchy,Czech Republic,Centre Back,FC Basel
,Tomas,Sivok,#Sivok,Czech Republic,Centre Back,Bursaspor
,Vladimir,Darida,#Darida,Czech Republic,Centre Midfield,Hertha Berlin
@BorekDockal,Borek,Dockal,#Dockal,Czech Republic,Right Midfield,Sparta Prague
,Daniel,Kolar,#Kolar,Czech Republic,Centre Midfield,Viktoria Plzen
,Ladislav,Krejci,#Krejci,Czech Republic,Left Midfield,Sparta Prague
,Josef,Sural,#Sural,Czech Republic,Right Midfield,Sparta Prague
,David,Pavelka,#Pavelka,Czech Republic,Centre Midfield,Kasimpasa
,Jaroslav,Plasil,#Plasil,Czech Republic,Centre Midfield,Bordeaux
,Tomas,Rosicky,#Rosicky,Czech Republic,Centre Midfield,Arsenal
@jiri_skalak,Jiri,Skalak,#Skalak,Czech Republic,Right Midfield,Brighton & Hove Albion
,David,Lafata,#Lafata,Czech Republic,Forward,Sparta Prague
@Necka7,Tomas,Necid,#Necid,Czech Republic,Forward,Burkaspor
,Milan,Skoda,#Skoda,Czech Republic,Forward,Slavia Prague
,Roy,Hodgson,#Hodgson,England,Manager,
@FraserForster,Fraser,Forster,#Forster,England,Goalkeeper,Southampton
,Joe,Hart,#Hart,England,Goalkeeper,Manchester City
,Tom,Heaton,#Heaton,England,Goalkeeper,Burnley
@ryanbertrand3,Ryan,Bertrand,#Bertrand,England,Right Back,Southampton
@GaryJCahill,Gary,Cahill,#Cahill,England,Centre Back,Chelsea
@Nathaniel_Clyne,Nathaniel,Clyne,#Clyne,England,Left Back,Liverpool
@DannyRose03,Danny,Rose,#Rose,England,Right Back,Tottenham Hotspur
@ChrisSmalling,Chris,Smalling,#Smalling,England,Centre Back,Manchester United
,John,Stones,#Stones,England,Centre Back,Everton
@kylewalker2,Kyle,Walker,#Walker,England,Right Back,Tottenham Hotspur
@Dele_Alli,Dele,Alli,#Alli,England,Centre Midfield,Tottenham Hotspur
@RBarkley20,Ross,Barkley,#Barkley,England,Centre Midfield,Everton
@ericdier,Eric,Dier,#Dyer,England,Centre Midfield,Tottenham Hotspur
@JHenderson,Jordan,Henderson,#Henderson,England,Right Midfield,Liverpool
,Adam,Lallana,#Lallana,England,Right Midfield,Liverpool
,James,Milner,#Milner,England,Left Midfield,Liverpool
@sterling7,Raheem,Sterling,#Sterling,England,Left Midfield,Manchester City
@JackWilshere,Jack,Wilshere,#Wilshere,England,Centre Midfield,Arsenal
@HKane,Harry,Kane,#Kane,England,Forward,Tottenham Hotspur
@MarcusRashford ,Marcus,Rashford,#Rashford,England,Forward,Manchester United
@WayneRooney,Wayne,Rooney,#Rooney,England,Forward,Manchester United
@DanielSturridge,Daniel,Sturridge,#Sturridge,England,Forward,Liverpool
@vardy7,Jamie,Vardy,#Vardy,England,Forward,Leicester City
,Didier,Deschamps,#Deschamps,France,Manager,
@CostilOff,Benoit,Costil,#Costil,France,Goalkeeper,Rennes
@H_Lloris,Hugo,Lloris,#Lloris,France,Goalkeeper,Tottenham Hotspur
@SteveMandanda,Steve,Mandanda,#Mandanda,France,Goalkeeper,Marseille
@LucasDigne,Lucas,Digne,#Digne,France,Left Back,AS Roma
@PatriceEvraGMF,Patrice,Evra,#Evra,France,Left Back,Juventus
@Jalletofficial,Christophe,Jallet,#Jallet,France,Right Back,Paris Saint Germain
@6_LKOSCIELNY,Laurent,Koscielny,#Koscielny,France,Centre Back,Arsenal
@Elia22Mangala,Eliaquim,Mangala,#Mangala,France,Centre Back,Manchester City
@Sagnaofficial,Bacary,Sagna,#Sagna,France,Right Back,Manchester City
@UmtitiSam,Samuel,Umtiti,#Umtiti,France,Centre Back,Lyon
,Adil,Rami,#Rami,France,Centre Back,Sevilla
@YCabayeofficiel,Yohan,Cabaye,#Cabaye,France,Centre Midfield,Crytal Palace
@NgoloKante17,N'Golo,Kante,#Kante,France,Centre Midfield,Leicester City
@SchneiderlinMo4,Morgan,Schneiderlin ,#Schneiderlin ,France,Centre Midfield,Manchester United
@MATUIDIBlaise,Blaise,Matuidi,#Matuidi,France,Centre Midfield,Paris Saint Germain
@paulpogba,Paul,Pogba,#Pogba,France,Centre Midfield,Juventus
@MoussaSissoko,Moussa,Sissoko,#Sissoko,France,Left Midfield,Newcastle
@kingsleeeeyy,Kingsley,Coman,#Coman,France,Right Midfield,Juventus
@10APG,Andre-Pierre,Gignac,#Gignac,France,Forward,Tigres UANL
@_OlivierGiroud_,Olivier,Giroud,#Giroud,France,Forward,Arsenal
@AntoGriezmann,Antoine,Griezmann,#Griezmann,France,Forward,Atletico Madrid
@AnthonyMartial,Anthony,Martial,#Martial,France,Left Midfield,Manchester United
@dimpayet17,Dimitri,Payet,#Payet,France,Right Midfield,West Ham United
,Joachim,Low,#Löw,Germany,Manager,
@Manuel_Neuer,Manuel,Neuer,#Neuer,Germany,Goalkeeper,Bayern Munich
@Bernd_Leno,Bernd,Leno,#Leno,Germany,Goalkeeper,Bayer 04 Leverkusen
@mterstegen1,Marc-André,ter-Stegen,#ter-Stegen,Germany,Goalkeeper,FC Barcelona
@JB17Official,Jerome,Boateng,#Boateng,Germany,Centre Back,Bayern Munich
@ecofficial23,Emre,Can,#Can,Germany,Centre Midfield,Liverpool
,Jonas,Hector,#Hector,Germany,Left Back,FC Köln
@BeneHowedes,Benedikt,Howedes,#Howedes,Germany,Centre Back,FC Schalke 04
@matshummels,Mats,Hummels,#Hummels,Germany,Centre Back,Bayern Munich
@MustafiOfficial,Shkodran,Mustafi,#Mustafi,Germany,Centre Back,Valencia
@ToniRuediger,Antonio,Rudiger,#Rudiger,Germany,Centre Back,A.S. Roma
@Sami_Khedira_24,Sami,Khedira,#Khedira,Germany,Centre Midfield,Juventus
@BSchweinsteiger,Bastian,Schweinsteiger,#Schweinsteiger,Germany,Centre Midfield,Manchester United
@MesutOzil1088,Mesut,Ozil,#Ozil,Germany,Centre Midfield,Arsenal
@Andre_Schuerrle,Andre,Schurrle,#Schurrle,Germany,Left Midfield,Vfl Wolfsburg
@ToniKroos,Toni,Kroos,#Kroos,Germany,Centre Midfield,Real Madrid
@MarioGoetze,Mario,Gotze,#Gotze,Germany,Forward,Bayern Munich
@Julian_Draxler,Julian,Draxler,#Draxler,Germany,Centre Midfield,Vfl Wolfsburg
,Leroy,Sane,#Sane,Germany,Right Midfield,FC Schalke 04
@JuWeigl,Julian,Weigl,#Weigl,Germany,Centre Midfield,Borussia Dortmund
@JoshuaKimmich,Joshua,Kimmich,#Kimmich,Germany,Centre Midfield,Bayern Munich
,Thomas,Muller,#Muller,Germany,Forward,Bayern Munich
@Mario_Gomez,Mario,Gomez,#Gomez,Germany,Forward,Fiorentina
@Podolski10,Lukas,Podolski,#Podolski,Germany,Forward,Galatasaray
,Bernd,Storck,#Storck,Hungary,Manager,
,Gabor,Kiraly,#Kiraly,Hungary,Goalkeeper,Haladas
,Denes,Dibusz,#Dibusz,Hungary,Goalkeeper,Ferencvaros
,Peter,Gulacsi ,#Gulacsi ,Hungary,Goalkeeper,Leipzig
,Attila,Fiola,#Fiola,Hungary,Right Back,Puskas Akademia
,Barnabas,Bese,#Bese,Hungary,Right Back,MTK Budapest
,Richard,Guzmics ,#Guzmics ,Hungary,Centre Back,Wisla Krakow
,Roland,Juhasz,#Juhasz,Hungary,Centre Back,Videoton
,Adam,Lang,#Lang,Hungary,Centre Back,Videoton
,Tamas,Kadar,#Kadar,Hungary,Left Back,Lech Poznan
,Mihaly,Korhut,#Korhut,Hungary,Left Back,Debrecen
,Akos,Elek,#Elek,Hungary,Centre Midfield,Diosgyori
,Adam,Pinter,#Pinter,Hungary,Centre Midfield,Ferencvaros
@ZoltanGera22,Zoltan,Gera ,#Gera ,Hungary,Centre Midfield,Ferencvaros
,Adam,Nagy ,#Nagy ,Hungary,Centre Midfield,Ferencvaros
,Laszlo,Kleinheisler,#Kleinheisler,Hungary,Centre Midfield,Werder Bremen
,Gergo ,Lovrencsics,#Lovrencsics,Hungary,Right Midfield,Lech Poznan
@ZoltanStieber,Zoltan,Stieber,#Stieber,Hungary,Left Midfield,Nurnberg
@BalaszDzsudzsak,Balazs,Dzsudzsak,#Dzsudzsak,Hungary,Forward,Bursaspor
@Adam_Szalai28,Adám,Szalai,#Szalai,Hungary,Forward,Hannover
@KNemeth_Nemo,Krisztian,Nemeth ,#Nemeth ,Hungary,Forward,al-Gharafa
,Nemanja,Nikolics,#Nikolics,Hungary,Forward,Legia Warsaw
@TamasPriskin,Tamas,Priskin,#Priskin,Hungary,Forward,Slovan Bratislava
,Daniel,Bode,#Bode,Hungary,Forward,Ferencvaros
,Antonio,Conte,#Conte,Italy,Manager,
@gianluigibuffon,Gianluigi,Buffon,#Buffon,Italy,Goalkeeper,Juventus
@fmarchetti22,Federico,Marchetti,#Marchetti,Italy,Goalkeeper,Lazio
@s_sirigu,Salvatore,Sirigu ,#Sirigu ,Italy,Goalkeeper,Paris Saint-Germain
@andreabarzagli2,Andrea,Barzagli,#Barzagli,Italy,Centre Back,Juventus
@bonucci_leo19,Leonardo,Bonucci ,#Bonucci ,Italy,Centre Back,Juventus
@chiellini,Giorgio,Chiellini,#Chiellini,Italy,Centre Back,Juventus
@OgbonnaOfficial,Angelo,Ogbonna,#Ogbonna,Italy,Centre Back,West Ham United
@DarmianOfficial,Matteo,Darmian,#Darmian,Italy,Right Back,Manchester United
@MattiaDeSciglio,Mattia ,De Sciglio,#De Sciglio,Italy,Right Back,AC Milan
@_danielederossi,Daniele ,De Rossi ,#De Rossi ,Italy,Centre Midfield,AS Roma
@Florenzi,Alessandro,Florenzi,#Florenzi,Italy,Centre Midfield,AS Roma
@Giaccherini_24,Emanuele,Giaccherini,#Giaccherini,Italy,Right Midfield,Bologna
,Thiago,Motta,#Motta,Italy,Centre Midfield,Paris Saint-Germain
@Parolo_official,Marco ,Parolo,#Parolo,Italy,Centre Midfield,Lazio
@sturaro_stefano,Stefano,Sturaro,#Sturaro,Italy,Centre Midfield,Juventus
@antocandreva,Antonio,Candreva,#Candreva,Italy,Right Midfield,Lazio
@Edercitadin7,,Eder,#Eder,Italy,Forward,Inter Milan
@ciroimmobile,Ciro,Immobile,#Immobile,Italy,Forward,Torino
@lorenzoinsigne1,Lorenzo,Insigne,#Insigne,Italy,Forward,Napoli
@GPelle19,Graziano,Pellè ,#Pellè ,Italy,Forward,Southampton
@SimoneZaza_10,Simone,Zaza,#Zaza,Italy,Forward,Juventus
@OfficialEl92,Stephan ,El Shaarawy,#El Shaarawy,Italy,Left Midfield,AS Roma
,Federico,Bernardeschi,#Bernardeschi,Italy,Right Midfield,Fiorentina
,Michael,O'Neill,#MichaelO'Neill,Northern Ireland,Manager,
,Roy,Carroll,#Carroll,Northern Ireland,Goalkeeper,Notts County
@mcgov12,Michael,McGovern,#McGovern,Northern Ireland,Goalkeeper,Hamilton Academical
,Alan,Mannus,#Mannus,Northern Ireland,Goalkeeper,St Johnstone
,Craig,Cathcart,#Cathcart,Northern Ireland,Centre Back,Watford
,Jonny,Evans,#JonnyEvans,Northern Ireland,Centre Back,West Bromich Albion
@G23mcauley,Gareth,McAuley,#McAuley,Northern Ireland,Centre Back,West Bromich Albion
@lmccullough94,Luke,McCullough,#McCullough,Northern Ireland,Centre Back,Doncaster Rovers
@ConorMcL3,Conor,McLaughlin,#McLaughlin,Northern Ireland,Right Back,Fleetwood Town
@AaronHughes18,Aaron,Hughes,#Hughes,Northern Ireland,Centre Back,Melbourne City
@leehods2,Lee,Hodson,#Hodson,Northern Ireland,Right Back,Milton Keynes Dons
,Chris,Baird,#Baird,Northern Ireland,Centre Back,Derby County
@PadMcnair,Paddy,McNair,#McNair,Northern Ireland,Centre Back,Manchester United
@StevenDavis8,Steven,Davis,#Davis,Northern Ireland,Centre Midfield,Southampton
,Oliver,Norwood,#Norwood,Northern Ireland,Centre Midfield,Reading
,Corry,Evans,#EvansCorry,Northern Ireland,Centre Midfield,Blackburn Rovers
,Jamie,Ward,#Ward,Northern Ireland,Left Midfield,Nottingham Forest
@dallas_stuart,Stuart,Dallas,#Dallas,Northern Ireland,Left Midfield,Leeds United
,Nial,McGinn,#McGinn,Northern Ireland,Right Midfield,Aberdeen
@shane_fergie,Shane,Ferguson,#Ferguson,Northern Ireland,Left Midfield,Millwall
@WillGrigg,Will,Grigg,#Grigg,Northern Ireland,Forward,Wigan Athletic
,Kyle,Lafferty,#Lafferty,Northern Ireland,Forward,Birmingham City
,Conor,Washingston,#Washingston,Northern Ireland,Forward,Queens Park Rangers
@Josh_Magennis,Josh,Magennis,#Magennis,Northern Ireland,Forward,Kilmarnock
,Adam,Nawałka,#Nawałka,Poland,Manager,
@ArturBoruc,Artur,Boruc,#Boruc,Poland,Goalkeeper,AFC Bournemouth
@LukaszFabianski,Łukasz,Fabianski,#Fabianski,Poland,Goalkeeper,Swansea City
@13Szczesny13,Wojciech,Szczesny,#Szczesny,Poland,Goalkeeper,A.S. Roma
,Thiago,Cionek,#Cionek,Poland,Centre Back,Palermo
@kamilglik25,Kamil,Gilk,#Gilk,Poland,Centre Back,Torino
,Artur,Jedrzejczyk,#Jedrzejczyk,Poland,Right Back,Legia Warsaw
,Michał,Pazdan,#Pazdan,Poland,Centre Back,Legia Warsaw
@LukaszPiszczek_,Lukasz,Piszczek ,#Piszczek ,Poland,Right Back,Borussia Dortmund
@salamon1591,Bartosz,Salamon,#Salamon,Poland,Centre Back,Cagliari
,Jakub ,Wawrzyniak,#Wawrzyniak,Poland,Left Back,Lechia Gdansk
,Jakub ,Blaszczykowski,#Blaszczykowski,Poland,Right Midfield,Fiorentina
@GrosickiKamil,Kamil,Grosicki,#Grosicki,Poland,Right Midfield,Rennes
,Tomasz,Jodlowiec,#Jodlowiec,Poland,Centre Midfield,Legia Warsaw
@kapi67d,Bartosz,Kapustka,#Kapustka,Poland,Left Midfield,Cracovia
@GrzegKrychowiak,Grzegorz,Krychowiak,#Krychowiak,Poland,Centre Midfield,Sevilla
,Karol,Linetty,#Linetty,Poland,Centre Midfield,Lech Poznan
,Krzysztof,Mączynski,#Mączynski,Poland,Centre Midfield,Wisła Krakow
,Slawomir,Peszko ,#Peszko ,Poland,Left Midfield,Lechia Gdansk
,Filip,Starzynski,#Starzynski,Poland,Centre Midfield,Zaglebie Lubin
,Piotr,Zielinski,#Zielinski,Poland,Centre Midfield,Empoli
@lewy_official,Robert,Lewandowski,#Lewandowski,Poland,Forward,Bayern Munich
@arekmilik9,Arkadiusz,Milik,#Milik,Poland,Forward,Ajax
,Mariusz,Stepinski,#Stepinski,Poland,Forward,Ruch Chorzow
,Martin,O'Neill,#MartinO'Neill,Ireland,Manager,
@No1shaygiven,Shay,Given,#given,Ireland,Goalkeeper,Stoke City
@RandzOfficial,Darren,Randolph,#randolph,Ireland,Goalkeeper,West Ham United
,Keiron,Westwood,#westwood,Ireland,Goalkeeper,Sheffield Wednesday
@seamiecoleman23,Seamus,Coleman,#Seamuscoleman,Ireland,Right Back,Everton
@cyruschristie,Cyrus,Christie,#christie,Ireland,Right Back,Derby County
"@C_Clark_6
",Ciaran,Clark,#clark,Ireland,Centre Back,Aston Villa
,Richard,Keogh,#keogh,Ireland,Centre Back,Derby County
,John,O'Shea,#oshea,Ireland,Centre Back,Sunderland
@ShaneDuffy34,Shane,Duffy,#duffy,Ireland,Centre Back,Blackburn
,Stephen,Ward,#ward,Ireland,Left Back,Burnley
,Aiden,McGeady,#mcgeady,Ireland,Right Midfield,Everton
@JamesMcC14,James,McClean,#mclean,Ireland,Left Midfield,West Brom
,Glenn,Whelan,#whelan,Ireland,Centre Midfield,Stoke City
@JMcCarthy_16,James,McCarthy,#mccarthy,Ireland,Centre Midfield,Everton
@JeffHendrick92,Jeff,Hendrick,#hendrick,Ireland,Centre Midfield,Derby County
@DavidMeyler7,David,Meyler,#meyler,Ireland,Centre Midfield,Hull City
,Stephen,Quinn,#quinn,Ireland,Centre Midfield,Reading
,Wes,Hoolahan,#hoolahan,Ireland,Centre Midfield,Norwich
,Robbie,Brady,#brady,Ireland,Left Back,Norwich CIty
@JonWalters19,Jonathan,Walters,#walters,Ireland,Forward,Stoke City
,Robbie,Keane,#keane,Ireland,Forward,LA Galaxy
@ShaneLong7,Shane,Long,#long,Ireland,Forward,Southamption
,Daryl,Murphy,#murphy,Ireland,Forward,Ipswich Town
,Anghel,Iordănescu,#Iordănescu,Romania,Manager,
@CTatarusanu,Ciprian,Tatarusanu,#Tatarusanu,Romania,Goalkeeper,Fiorentina
@C_Pantilimon1,Costel,Pantilimon,#Pantilimon,Romania,Goalkeeper,Watford
,Silviu,Lung,#Lung,Romania,Goalkeeper,Astra Giurgiu
@SapunaruCristi,Cristian,Sapunaru,#Sapunaru,Romania,Right Back,Pandurii Targu Jiu
,Alexandru,Matel,#Matel,Romania,Right Back,Dinamo Zagreb
,Vlad,Chiriches,#Chiriches,Romania,Centre Back,Napoli
,Valencia,Gaman,#Gaman,Romania,Centre Back,Astra Giurgiu
,Cosmin,Moti,#Moti,Romania,Centre Back,Ludogorets Razgrad
,Dragos,Grigore,#Grigore,Romania,Centre Back,Al-Sailiya
@RazvanRat5,Razvan,Rat,#Rat,Romania,Left Back,Rayo Vallecano
,Steliano,Filip,#Filip,Romania,Left Back,Dinamo Bucharest
,Mihai,Pintilii,#Pintilii,Romania,Centre Midfield,Steaua Bucharest
,Ovidiu,Hoban,#Hoban,Romania,Centre Midfield,Hapoel Be'er Sheva
,Andrei,Prepelita,#Prepelita,Romania,Centre Midfield,Ludogorets Razgrad
,Adrian,Popa,#Popa,Romania,Right Midfield,Steaua Bucharest
,Gabriel,Torje,#Torje,Romania,Right Midfield,Osmanlıspor
,Alexandru,Chipciu,#Chipciu,Romania,Right Midfield,Steaua Bucharest
,Nicolae,Stanciu,#Stanciu,Romania,Right Midfield,Steaua Bucharest
,Lucian,Sanmartean,#Sanmartean,Romania,Left Midfield,Al Ittihad
,Claudiu,Keseru,#Keseru,Romania,Forward,Ludogorets Razgrad
@BogdanStancuCom,Bogdan,Stancu,#Stancu,Romania,Forward,Genclerbirligi
,Florin,Andone,#Andone,Romania,Forward,Córdoba CF
,Denis,Alibec,#Alibec,Romania,Forward,Astra Giurgiu
,Leonid,Slutsky,#Slutsky,Russia,Manager,
,Igor,Akinfeev,#Akinfeev,Russia,Goalkeeper,CSKA Moscow
,,Guilherme,#Guilherme,Russia,Goalkeeper,Lokomotiv Moscow
@LontigkinG,Yuri ,Lodygin,#Lodygin,Russia,Goalkeeper,Zenit St. Petersburg
,Aleksey,Berezutsky,#Berezutsky,Russia,Centre Back,CSKA Moscow
,Vasili,Berezutski,#Berezutsky,Russia,Centre Back,CSKA Moscow
,Sergey,Ignashevich,#Ignashevich,Russia,Centre Back,CSKA Moscow
@DmitryKombarov,Dmitri,Kombarov,#Kombarov,Russia,Left Midfield,Spartak Moscow
@RomanNeustadter,Roman ,Neustadter,#Neustadter,Russia,Centre Back,FC Schalke 04
,Georgi,Shchennikov,#Shchennikov,Russia,Left Back,CSKA Moscow
@shish49,Roman ,Shishkin ,#Shishkin ,Russia,Right Back,Lokomotiv Moscow
,Igor,Smolnikov,#Smolnikov,Russia,Right Back,Zenit St. Petersburg
,Igor,Denisov,#Denisov,Russia,Centre Midfield,Dynamo Moscow
@DGlushakov8,Denis,Glushakov,#Glushakov,Russia,Centre Midfield,Spartak Moscow
,Aleksandr,Golovin,#Golovin,Russia,Centre Midfield,CSKA Moscow
,Oleg,Ivanov,#Ivanov,Russia,Centre Midfield,Terek Grozny
@pavelmamaev17,Pavel,Mamaev ,#Mamaev ,Russia,Centre Midfield,Krasnodar
,Aleksandr,Samedov,#Samedov,Russia,Right Midfield,Lokomotiv Moscow
@OlegShatov,Oleg ,Shatov,#Shatov,Russia,Centre Midfield,Zenit St. Petersburg
@shirokovr15,Roman ,Shirokov,#Shirokov,Russia,Centre Midfield,CSKA Moscow
,Dmitri,Torbinski,#Torbinski,Russia,Left Midfield,Krasnodar
,Artyom,Dzyuba,#Dzyuba,Russia,Forward,Zenit St. Petersburg
@AKokorin9,Alexander,Kokorin,#Kokorin,Russia,Forward,Zenit St. Petersburg
@smolovfedor_90,Fyodor,Smolov,#Smolov,Russia,Forward,Krasnodar
,Vicente,del Bosque,#delBosque,Spain,Manager,
@CasillasWorld,Iker,Casillas,#Casillas,Spain,Goalkeeper,FC Porto
@D_DeGea,David,De Gea,#De Gea,Spain,Goalkeeper,Manchester United
@sergiorico25,Sergio,Rico,#Rico,Spain,Goalkeeper,Sevilla
@SergioRamos,Sergio,Ramos,#Ramos,Spain,Centre Back,Real Madrid
@3gerardpique,Gerard,Pique,#Pique,Spain,Centre Back,FC Barcelona
@DaniCarvajal92,Dani,Carvajal,#Carvajal,Spain,Centre Back,Real Madrid
@JordiAlba,Jordi,Alba,#Alba,Spain,Right Back,FC Barcelona
@MarcBartra,Marc,Bartra,#Bartra,Spain,Centre Back,FC Barcelona
@CesarAzpi,Cesar,Azpilicueta,#Azpilicueta,Spain,Right Back,Chelsea
@mikelsanjo6,Mikel,San Jose,#San Jose,Spain,Centre Midfield,Athletic Bilbao
@Juanfrantorres,,Juanfran,#Juanfran,Spain,Right Back,Atletico Madrid
@HectorBellerin,Hector,Bellerin,#Bellerin,Spain,Right Back,Arsenal
,Bruno,Soriano,#Bruno,Spain,Centre Midfield,Villarreal
,Sergio,Busquets,#Busquets,Spain,Centre Midfield,FC Barcelona
@Koke6,,Koke,#Koke,Spain,Centre Midfield,Atletico Madrid
@Thiago6,Thiago,Alcântara,#Alcântara,Spain,Centre Midfield,Bayern Munich
@andresiniesta8,Andres,Iniesta,#Iniesta,Spain,Centre Midfield,FC Barcelona
@21LVA,David ,Silva,#Silva,Spain,Centre Midfield,Manchester City
@_Pedro17_,,Pedro,#Pedro,Spain,Right Midfield,Chelsea
@AritzAduriz11,Aritz,Aduriz,#Aduriz,Spain,Forward,Athletic Bilbao
@ApoyoNolito,,Nolito,#Nolito,Spain,Forward,Celta Vigo
@AlvaroMorata,Alvaro,Morata,#Morata,Spain,Forward,Juventus
,Lucas,Vasquez,#Vasquez,Spain,Forward,Real Madrid
,Erik,Hamrén,#Hamrén,Sweden,Manager,
,Andreas,Isaksson,#Isaksson,Sweden,Goalkeeper,Kasimpasa
@RobinOlsen25,Robin,Olsen,#Olsen,Sweden,Goalkeeper,FC Copenhagen
,Patrik ,Carlgren,#Carlgren,Sweden,Goalkeeper,AIK
@L3Augustinsson,Ludwig,Augustinsson,#Augustinsson,Sweden,Left Back,FC Copenhagen
,Erik,Johansson,#Johansson,Sweden,Centre Back,FC Copenhagen
@PJansson5,Pontus ,Jansson,#Jansson,Sweden,Centre Back,Torino
@vlindelof,Victor,Lindelof,#Lindelof,Sweden,Centre Back,Benfica
,Andreas,Granqvist,#Granqvist,Sweden,Centre Back,Krasnodar
,Mikael ,Lustig,#Lustig,Sweden,Right Back,Celtic
@martinolsson3,Martin,Olsson,#Olsson,Sweden,Left Back,Norwich City
@JimmyDurmaz21,Jimmy,Durmaz,#Durmaz,Sweden,Left Midfield,Olympiakos
@EkdalAlbin,Albin,Ekdal,#Ekdal,Sweden,Centre Midfield,Hamburg
@HiljemarkOscar,Oscar,Hiljemark ,#Hiljemark ,Sweden,Centre Midfield,Palermo
@seb_larsson1,Sebastian,Larsson,#Larsson,Sweden,Centre Midfield,Sunderland
@ErkanZ10,Pontus ,Wernbloom,#Wernbloom,Sweden,Centre Midfield,CSKA Moscow
,Erkan ,Zengin,#Zengin,Sweden,Left Midfield,Trabzonspor
,Oscar,Lewicki,#Lewicki,Sweden,Centre Midfield,Malmo
@EmilForsberg1,Emil,Forsberg,#Forsberg,Sweden,Left Midfield,Leipzig
@KKallstromNews,Kim,Kallstrom,#Kallstrom,Sweden,Centre Midfield,Grasshoppers
,Marcus,Berg,#Berg,Sweden,Forward,Panathinaikos
@superguidetti,John,Guidetti,#Guidetti,Sweden,Forward,Celta Vigo
@Ibra_official,Zlatan,Ibrahimovic ,#Ibrahimovic ,Sweden,Forward,Paris Saint-Germain
,Vladimir,Petković,#Petković,Switzerland,Manager,
@RBuerki1,Roman,Burki,#Burki,Switzerland,Goalkeeper,Borussia Dortmund
@HitzMarwin,Marwin,Hitz,#Hitz,Switzerland,Goalkeeper,FC Augsburg
@YannSommer1,Yann,Sommer,#Sommer,Switzerland,Goalkeeper,Borussia Monchengladbach
@JohanDjourou,Johan,Djourou,#Djourou,Switzerland,Right Back,Hamburg
,Nico,Elvedi,#Elvedi,Switzerland,Centre Back,Borussia Monchengladbach
,Michael,Lang,#Lang,Switzerland,Right Back,Basel
@LichtsteinerSte,Stephan,Lichtsteiner,#Lichtsteiner,Switzerland,Right Back,Juventus
@moubandjef,Francois,Moubandje,#Moubandje,Switzerland,Left Back,Toulouse
@Ricardo_Rodrigz,Ricardo,Rodriguez,#Rodriguez,Switzerland,Left Back,Wolfsburg
@fabianschaer,Fabian,Schar,#Schar,Switzerland,Centre Back,Hoffenheim
,Steve,Von Bergen,#VonBergen,Switzerland,Centre Back,Young Boys
@ValonBera,Valon,Behrami,#Behrami,Switzerland,Centre Midfield,Watford
@dzemaili86,Blerim,Dzemaili,#Dzemaili,Switzerland,Centre Midfield,Genoa
@GelsonFernandes,Gelson,Fernandes,#Fernandes,Switzerland,Centre Midfield,Rennes
,Fabian,Frei,#Frei,Switzerland,Centre Midfield,Mainz
@XS_11official,Xherdan,Shaqiri,#Shaqiri,Switzerland,Right Midfield,Stoke
@shanitarashaj,Shani,Tarashaj,#Tarashaj,Switzerland,Right Midfield,Grasshoppers
@xhakagranit34,Granit,Xhaka,#Xhaka,Switzerland,Centre Midfield,Borussia Monchengladbach
,Denis,Zakaria,#Zakaria,Switzerland,Centre Midfield,Young Boys
,Erin,Derdiyok,#Derdiyok,Switzerland,Forward,Kasimpasa
@BreelEmbolo97,Breel,Embolo,#Embolo,Switzerland,Forward,Basel
@admir_mehmedi,Admir,Mehmedi,#Mehmedi,Switzerland,Forward,Bayer Leverkusen
,Haris,Seferovic,#Seferovic,Switzerland,Forward,Eintracht Frankfurt
@fatihterim,Fatih,Terim,#Terim,Turkey,Manager,
,Harun,Tekin,#Tekin,Turkey,Goalkeeper,Bursaspor
@RecepOnurKivrak,Onur,Kıvrak,#Kıvrak,Turkey,Goalkeeper,Trabzonspor
@volkanbabacann,Volkan,Babacan,#Babacan,Turkey,Goalkeeper,İstanbul Başakşehir
@_gokhangonul,Gökhan,Gönül,#Gönül,Turkey,Right Back,Fenerbahçe
@senerzbayrakl,Şener,Özbayrakli,#Özbayrakli,Turkey,Right Back,Fenerbahçe
@Ahmetcalik5,Ahmet,Çalık,#Çalık,Turkey,Centre Back,Gençlerbirliği
@HakanKadirBalta,Hakan,Balta,#Balta,Turkey,Centre Back,Galatasaray
@5Mehmetopalfb,Mehmet,Topal,#Topal,Turkey,Centre Midfield,Fenerbahçe
@semihkaya_26,Semih,Kaya,#Kaya,Turkey,Centre Back,Galatasaray
@CanerErkin,Caner,Erkin,#Erkin,Turkey,Left Back,Fenerbahçe
@ismailKYBSI,İsmail,Köybaşı,#Köybaşı,Turkey,Left Back,Besiktas
@Emremor29,Emre,Mor,#Mor,Turkey,Forward,Nordsjælland
@_volkansen16,Volkan,Şen,#Şen,Turkey,Left Midfield,Fenerbahçe
@hakanc10,Hakan,Çalhanoğlu,#Çalhanoğlu,Turkey,Centre Midfield,Bayer 04 Leverkusen
@nurisahin,Nuri,Şahin,#Şahin,Turkey,Centre Midfield,Borussia Dortmund
@Oguzhan_ozyakup,Oğuzhan,Özyakup,#Özyakup,Turkey,Centre Midfield,Besiktas
@ozantufan_7,Ozan,Tufan,#Tufan,Turkey,Centre Midfield,Fenerbahçe
@8Selcukinan,Selçuk,İnan,#İnan,Turkey,Centre Midfield,Galatasaray
@ArdaTuran,Arda,Turan,#Turan,Turkey,Centre Midfield,FC Barcelona
@olcay_sahan10,Olcay ,Şahan,#Şahan,Turkey,Left Midfield,Besiktas
@yilmazburak17,Burak,Yılmaz,#Yılmaz,Turkey,Forward,Beijing Guoan
@CenkTosun_,Cenk,Tosun,#Tosun,Turkey,Forward,Besiktas
@yunusm721,Yunus,Malli,#Malli,Turkey,Forward,FSV Mainz 05
,Mykhaylo,Fomenko,#Fomenko,Ukraine,Manager,
,Andriy,Pyatov,#Pyatov,Ukraine,Goalkeeper,Shakhtar Donetsk
@DenysBoyko4,Denys,Boyko,#Boyko,Ukraine,Goalkeeper,Besiktas
,Mykyta ,Shevchenko,#Shevchenko,Ukraine,Goalkeeper,Zorya Luhansk
,Artem,Fedetskiy,#Fedetskiy,Ukraine,Right Back,Dnipro Dnipropetrovsk
,Mykyta ,Kamenyuka,#Kamenyuka,Ukraine,Left Back,Zorya Luhansk
,Vyacheslav ,Shevchuk,#Shevchuk,Ukraine,Left Back,Shakhtar Donetsk
,Oleksandr,Kucher,#Kucher,Ukraine,Left Back,Shakhtar Donetsk
,Yaroslav ,Rakitskyi,#Rakitskyi,Ukraine,Centre Back,Shakhtar Donetsk
,Yevhen,Khacheridi,#Khacheridi,Ukraine,Centre Back,Dynamo Kyiv
,Bohdan,Butko,#Butko,Ukraine,Right Back,Shakhtar Donetsk
@Timo_44,Anatoliy,Tymoshchuk,#Tymoshchuk,Ukraine,Centre Midfield,Kairat Almaty
,Oleksandr,Karavaev,#Karavaev,Ukraine,Right Midfield,Zorya Luhansk
@Yarmola_10,Andriy,Yarmolenko,#Yarmolenko,Ukraine,Right Midfield,Dynamo Kyiv
,Denys ,Garmash,#Garmash,Ukraine,Centre Midfield,Dynamo Kyiv
,Sergiy,Sydorchuk,#Sydorchuk,Ukraine,Centre Midfield,Dynamo Kyiv
,Sergiy,Rybalka,#Rybalka,Ukraine,Centre Midfield,Dynamo Kyiv
,Taras,Stepanenko,#Stepanenko,Ukraine,Centre Midfield,Shakhtar Donetsk
,Viktor,Kovalenko,#Kovalenko,Ukraine,Centre Midfield,Shakhtar Donetsk
,Ruslan,Rotan ,#Rotan ,Ukraine,Centre Midfield,Dnipro Dnipropetrovsk
@KONO_official,Yevhen,Konoplyanka,#Konoplyanka,Ukraine,Left Midfield,Sevilla
,Pylyp,Budkovskyi,#Budkovskyi,Ukraine,Forward,Zorya Luhansk
,Roman,Zozulya ,#Zozulya ,Ukraine,Forward,Dnipro Dnipropetrovsk
,Yevhen,Seleznyov ,#Seleznyov ,Ukraine,Forward,Shakhtar Donetsk
,Chris,Coleman,#ChrisColeman,Wales,Manager,
@WayneHennessey1,Wayne,Hennessey,#Hennessey,Wales,Goalkeeper,Crystal Palace
@dan_ward52,Danny,Ward,#Ward,Wales,Goalkeeper,Liverpool FC
@owainfon,Owain,Fon Williams,#FonWilliams,Wales,Goalkeeper,Inverness
@Ben_Davies33,Ben,Davies,#Davies,Wales,Left Back,Tottenham Hotspur
,Neil,Taylor,#Taylor,Wales,Left Back,Swansea FC
@Chrisgunter16,Chris,Gunter,#Gunter,Wales,Right Back,Reading FC
,Ashley,Williams,#Williams,Wales,Centre Back,Swansea FC
,James,Chester,#Chester,Wales,Centre Back,West Bromwich Albion
,James,Collins,#Collins,Wales,Centre Back,West Ham United
,Jazz,Richards,#Richards,Wales,Right Back,Fulham FC
@GarethBale11,Gareth,Bale,#Bale,Wales,Left Midfield,Real Madrid CF
@aaronramsey,Aaron,Ramsey,#Ramsey,Wales,Centre Midfield,Arsenal FC
@joe16led,Joe,Ledley,#Ledley,Wales,Centre Midfield,Crystal Palace
,David,Vaughan,#Vaughan,Wales,Centre Midfield,Nottingham Forest FC
,Joe,Allen,#Allen,Wales,Centre Midfield,Liverpool FC
,Jonathan,Williams,#Williams,Wales,Centre Midfield,Crystal Palace
@george_willo35,George,Williams,#Williams,Wales,Centre Midfield,Fulham FC
@cotterill_david,David,Cotterill,#Cotterill,Wales,Left Midfield,Birmingham City
@10_kingy,Andy,King,#King,Wales,Right Midfield,Leicester City
@_DaveEdwards,Dave,Edwards,#Edwards,Wales,Right Midfield,Wolverhampton Wanderers
@RobsonKanu,Hal,Robson-Kanu,#Robson-Kanu,Wales,Forward,Reading FC
,Sam,Vokes,#Vokes,Wales,Forward,Burnley
@churchy18,Simon,Church,#Church,Wales,Forward,Nottingham Forest FC
@r12patricio,Rui,Patricio,#Patricio,Portugal,Goalkeeper,Sporting CP
,Anthony,Lopes,#Lopes,Portugal,Goalkeeper,Lyon
,Eduardo,Carvalho,#Eduardo,Portugal,Goalkeeper,Dinamo Zagreb
@Balvesofficial,Bruno,Alves,#Alves,Portugal,Centre Back,Fenerbache
@officialpepe,,Pepe,#Pepe,Portugal,Centre Back,Real Madrid
,Jose,Fonte,#Fonte,Portugal,Centre Back,Southampton
@RaphGuerreiro,Raphael,Guerreiro,#Guerreiro,Portugal,Left Back,FC Lorient
,Ricardo,Carvalho,#Carvalho,Portugal,Centre Back,Monaco
,,Eliseu,#Eliseu,Portugal,Left Back,Benfica
@OficialCedric,Cedric,Soares,#Cedric,Portugal,Right Back,Southampton
,Joao,Mouthino,#Mouthino,Portugal,Centre Midfield,Monaco
@joaome17,Joao,Mario,#Mario,Portugal,Right Midfield,Sporting CP
,,Vieirinha,#Vieirinha,Portugal,Right Midfield,VfL Wolfsburg
,Danilo,Pereira,#Danilo,Portugal,Centre Midfield,FC Porto
,William,Carvalho,#Carvalho,Portugal,Centre Midfield,Sporting CP
@aftgomes,Andre,Gomes,#Gomes,Portugal,Centre Midfield,Valencia
,Renato,Sanches,#Sanches,Portugal,Centre Midfield,Benfica
,Rafa,Silva,#RafaSilva,Portugal,Left Midfield,Braga
@adrien_silva23,Adrien,Silva,#AdrienSilva,Portugal,Centre Midfield,Sporting CP
@Cristiano,Cristiano,Ronaldo,#Ronaldo,Portugal,Forward,Real Madrid
,,Eder,#Eder,Portugal,Forward,Lille
@luisnani,,Nani,#Nani,Portugal,Forward,Fenerbache
@07RQuaresma,Ricardo,Quaresma,#Quaresma,Portugal,Forward,Besiktas
,,,,,,
,Jan,Mucha,#Mucha,Slovakia,Goalkeeper,Slovan Bratislava
,Jan,Novota,#Novota,Slovakia,Goalkeeper,Rapid Vienna
,Matus,Kozacik,#Kozacik,Slovakia,Goalkeeper,FC Viktoria Plzen
,Peter,Pekarik,#Pekarik,Slovakia,Right Back,Hertha BSC
,Martin,Skrtel,#Skrtel,Slovakia,Centre Back,Liverpool
,Jan,Durica,#Durica,Slovakia,Centre Back,Lokomotiv Moscow
,Norbert,Gyomber,#Gyomber,Slovakia,Centre Back,AS Roma
,Milan,Skriniar,#Skriniar,Slovakia,Centre Back,Sampdoria
,Tomas,Hubocan,#Hubocan,Slovakia,Centre Back,Dinamo Moscow
,Kornel,Salata,#Salata,Slovakia,Centre Back,Slovan Bratislava
,Dusan,Svento,#Svento,Slovakia,Left Back,FC Koln
,Jan,Gregus,#Gregus,Slovakia,Centre Midfield,FK Jablonec
@VladiW7,Vladimir,Weiss,#Weiss,Slovakia,Left Midfield,Al-Gharafa Sports Club
,Ondrej,Duda,#Duda,Slovakia,Centre Midfield,Legia Warsaw
@miroslavstoch,Miroslav,Stoch,#Stoch,Slovakia,Left Midfield,Bursaspor
,Patrik,Hrosovsky,#Hrosovsky,Slovakia,Centre Midfield,FC Viktoria Plzen
,Marek,Hamsik,#Hamsik,Slovakia,Centre Midfield,Napoli
,Juraj,Kucka,#Kucka,Slovakia,Centre Midfield,AC Milan
,Robert,Mak,#Mak,Slovakia,Left Midfield,PAOK Thessaloniki
,Viktor,Pecovsky,#Pecovsky,Slovakia,Centre Midfield,Zilina
,Stanislav,Sestak,#Sestak,Slovakia,Forward,Ferencvaros Budapest
,Adam,Nemec,#Nemec,Slovakia,Forward,Willem II Tilburg
,Michal,Duris,#Duris,Slovakia,Forward,FC Viktoria Plzen
